"DESCRIPTION","DURATION IN MS","NAME","PARENT SUITE","START TIME","STATUS","STOP TIME","SUB SUITE","SUITE","TEST CLASS","TEST METHOD"
"","7601","cancelingNewsFilteringWhenNoFieldsAreFieldIn","","Sun Aug 31 12:53:21 NOVT 2025","passed","Sun Aug 31 12:53:29 NOVT 2025","","ru.iteco.fmhandroid.ui.tests.ControlPanelTest","ru.iteco.fmhandroid.ui.tests.ControlPanelTest","cancelingNewsFilteringWhenNoFieldsAreFieldIn"
"","9614","filteringNewsWithAllFieldWithValidData","","Sun Aug 31 13:02:51 NOVT 2025","passed","Sun Aug 31 13:03:01 NOVT 2025","","ru.iteco.fmhandroid.ui.tests.FilterNewsPageNewsTest","ru.iteco.fmhandroid.ui.tests.FilterNewsPageNewsTest","filteringNewsWithAllFieldWithValidData"
"","6830","buttonExpandToExpandNewsBlock","","Sun Aug 31 13:04:00 NOVT 2025","passed","Sun Aug 31 13:04:07 NOVT 2025","","ru.iteco.fmhandroid.ui.tests.MainTest","ru.iteco.fmhandroid.ui.tests.MainTest","buttonExpandToExpandNewsBlock"
"","16049","filteringNewsBuCategoryFilterWithRightDate","","Sun Aug 31 13:03:17 NOVT 2025","passed","Sun Aug 31 13:03:33 NOVT 2025","","ru.iteco.fmhandroid.ui.tests.FilterNewsPageNewsTest","ru.iteco.fmhandroid.ui.tests.FilterNewsPageNewsTest","filteringNewsBuCategoryFilterWithRightDate"
"","10036","authorizationWithEmptyLoginAndPassword","","Sun Aug 31 12:56:02 NOVT 2025","broken","Sun Aug 31 12:56:12 NOVT 2025","","ru.iteco.fmhandroid.ui.tests.AuthorizationTest","ru.iteco.fmhandroid.ui.tests.AuthorizationTest","authorizationWithEmptyLoginAndPassword"
"","6183","verifyingAuthorizWithValidData","","Sun Aug 31 12:56:14 NOVT 2025","passed","Sun Aug 31 12:56:20 NOVT 2025","","ru.iteco.fmhandroid.ui.tests.AuthorizationTest","ru.iteco.fmhandroid.ui.tests.AuthorizationTest","verifyingAuthorizWithValidData"
"","9979","changingTheNewsCreationDate","","Sun Aug 31 12:51:38 NOVT 2025","failed","Sun Aug 31 12:51:48 NOVT 2025","","ru.iteco.fmhandroid.ui.tests.ControlPanelTest","ru.iteco.fmhandroid.ui.tests.ControlPanelTest","changingTheNewsCreationDate"
"","12753","visibleDateOfTheNewsCreation","","Sun Aug 31 12:52:42 NOVT 2025","failed","Sun Aug 31 12:52:54 NOVT 2025","","ru.iteco.fmhandroid.ui.tests.ControlPanelTest","ru.iteco.fmhandroid.ui.tests.ControlPanelTest","visibleDateOfTheNewsCreation"
"","7966","filteringOnlyActiveNews","","Sun Aug 31 12:51:03 NOVT 2025","passed","Sun Aug 31 12:51:11 NOVT 2025","","ru.iteco.fmhandroid.ui.tests.ControlPanelTest","ru.iteco.fmhandroid.ui.tests.ControlPanelTest","filteringOnlyActiveNews"
"","15609","cancelEditingChangesHaveBeenMadeFields","","Sun Aug 31 12:52:25 NOVT 2025","passed","Sun Aug 31 12:52:40 NOVT 2025","","ru.iteco.fmhandroid.ui.tests.ControlPanelTest","ru.iteco.fmhandroid.ui.tests.ControlPanelTest","cancelEditingChangesHaveBeenMadeFields"
"","7172","navigatingToTheNewsPageFromTheQuotePage","","Sun Aug 31 12:57:09 NOVT 2025","passed","Sun Aug 31 12:57:16 NOVT 2025","","ru.iteco.fmhandroid.ui.tests.BurgerMenuTest","ru.iteco.fmhandroid.ui.tests.BurgerMenuTest","navigatingToTheNewsPageFromTheQuotePage"
"","15543","newsCreation","","Sun Aug 31 12:59:34 NOVT 2025","passed","Sun Aug 31 12:59:50 NOVT 2025","","ru.iteco.fmhandroid.ui.tests.CreateNewsTest","ru.iteco.fmhandroid.ui.tests.CreateNewsTest","newsCreation"
"","8284","changingStatusOfAnAlreadyPublishedNewsItemFromActiveToInactive","","Sun Aug 31 12:52:06 NOVT 2025","passed","Sun Aug 31 12:52:15 NOVT 2025","","ru.iteco.fmhandroid.ui.tests.ControlPanelTest","ru.iteco.fmhandroid.ui.tests.ControlPanelTest","changingStatusOfAnAlreadyPublishedNewsItemFromActiveToInactive"
"","9982","navigatingToTheMainPageFromTheControlPanelPage","","Sun Aug 31 12:57:31 NOVT 2025","passed","Sun Aug 31 12:57:41 NOVT 2025","","ru.iteco.fmhandroid.ui.tests.BurgerMenuTest","ru.iteco.fmhandroid.ui.tests.BurgerMenuTest","navigatingToTheMainPageFromTheControlPanelPage"
"","7822","filteringOnlyNotActiveNews","","Sun Aug 31 12:52:16 NOVT 2025","passed","Sun Aug 31 12:52:24 NOVT 2025","","ru.iteco.fmhandroid.ui.tests.ControlPanelTest","ru.iteco.fmhandroid.ui.tests.ControlPanelTest","filteringOnlyNotActiveNews"
"","10053","authorizationWithValidLoginAndInvalidPassword","","Sun Aug 31 12:56:44 NOVT 2025","broken","Sun Aug 31 12:56:54 NOVT 2025","","ru.iteco.fmhandroid.ui.tests.AuthorizationTest","ru.iteco.fmhandroid.ui.tests.AuthorizationTest","authorizationWithValidLoginAndInvalidPassword"
"","10188","cancelingNewsFilteringWhenAllFilteringFieldsAreFilledIn","","Sun Aug 31 12:51:26 NOVT 2025","passed","Sun Aug 31 12:51:36 NOVT 2025","","ru.iteco.fmhandroid.ui.tests.ControlPanelTest","ru.iteco.fmhandroid.ui.tests.ControlPanelTest","cancelingNewsFilteringWhenAllFilteringFieldsAreFilledIn"
"","17100","unlimitedNumberCharactersTitleField","","Sun Aug 31 13:00:49 NOVT 2025","broken","Sun Aug 31 13:01:06 NOVT 2025","","ru.iteco.fmhandroid.ui.tests.CreateNewsTest","ru.iteco.fmhandroid.ui.tests.CreateNewsTest","unlimitedNumberCharactersTitleField"
"","7180","abilityToCollapseBlockWithQuotes","","Sun Aug 31 12:54:56 NOVT 2025","passed","Sun Aug 31 12:55:04 NOVT 2025","","ru.iteco.fmhandroid.ui.tests.QuotesTest","ru.iteco.fmhandroid.ui.tests.QuotesTest","abilityToCollapseBlockWithQuotes"
"","11323","goToAboutAppPageFromTheMainPage","","Sun Aug 31 12:57:52 NOVT 2025","passed","Sun Aug 31 12:58:03 NOVT 2025","","ru.iteco.fmhandroid.ui.tests.BurgerMenuTest","ru.iteco.fmhandroid.ui.tests.BurgerMenuTest","goToAboutAppPageFromTheMainPage"
"","7319","cancelingFilteringWhenNoFieldsAreField","","Sun Aug 31 13:02:42 NOVT 2025","passed","Sun Aug 31 13:02:50 NOVT 2025","","ru.iteco.fmhandroid.ui.tests.FilterNewsPageNewsTest","ru.iteco.fmhandroid.ui.tests.FilterNewsPageNewsTest","cancelingFilteringWhenNoFieldsAreField"
"","8540","navigatingToTheNewsPageFromTheControlPanelPage","","Sun Aug 31 12:57:42 NOVT 2025","passed","Sun Aug 31 12:57:51 NOVT 2025","","ru.iteco.fmhandroid.ui.tests.BurgerMenuTest","ru.iteco.fmhandroid.ui.tests.BurgerMenuTest","navigatingToTheNewsPageFromTheControlPanelPage"
"","9598","goToMainPageFromTheNewsPage","","Sun Aug 31 12:58:52 NOVT 2025","passed","Sun Aug 31 12:59:02 NOVT 2025","","ru.iteco.fmhandroid.ui.tests.BurgerMenuTest","ru.iteco.fmhandroid.ui.tests.BurgerMenuTest","goToMainPageFromTheNewsPage"
"","71183","failedFilteringIsAFutureDateAndTheEndPastDate","","Sun Aug 31 13:01:21 NOVT 2025","broken","Sun Aug 31 13:02:32 NOVT 2025","","ru.iteco.fmhandroid.ui.tests.FilterNewsPageNewsTest","ru.iteco.fmhandroid.ui.tests.FilterNewsPageNewsTest","failedFilteringIsAFutureDateAndTheEndPastDate"
"","6929","abilityExpandDetailedDescriptionQuote","","Sun Aug 31 12:55:05 NOVT 2025","passed","Sun Aug 31 12:55:12 NOVT 2025","","ru.iteco.fmhandroid.ui.tests.QuotesTest","ru.iteco.fmhandroid.ui.tests.QuotesTest","abilityExpandDetailedDescriptionQuote"
"","9255","goToNewsFromTheMainPage","","Sun Aug 31 12:58:29 NOVT 2025","passed","Sun Aug 31 12:58:38 NOVT 2025","","ru.iteco.fmhandroid.ui.tests.BurgerMenuTest","ru.iteco.fmhandroid.ui.tests.BurgerMenuTest","goToNewsFromTheMainPage"
"","10227","authorizationWithInvalidLoginAndInvalidPassword","","Sun Aug 31 12:56:32 NOVT 2025","broken","Sun Aug 31 12:56:43 NOVT 2025","","ru.iteco.fmhandroid.ui.tests.AuthorizationTest","ru.iteco.fmhandroid.ui.tests.AuthorizationTest","authorizationWithInvalidLoginAndInvalidPassword"
"","8997","buttonCollapseToHideNewsBlock","","Sun Aug 31 13:03:49 NOVT 2025","passed","Sun Aug 31 13:03:58 NOVT 2025","","ru.iteco.fmhandroid.ui.tests.MainTest","ru.iteco.fmhandroid.ui.tests.MainTest","buttonCollapseToHideNewsBlock"
"","15756","editingTheNewsDescription","","Sun Aug 31 12:53:30 NOVT 2025","passed","Sun Aug 31 12:53:46 NOVT 2025","","ru.iteco.fmhandroid.ui.tests.ControlPanelTest","ru.iteco.fmhandroid.ui.tests.ControlPanelTest","editingTheNewsDescription"
"","12339","cancelButtonWhenFillingFields","","Sun Aug 31 13:00:02 NOVT 2025","passed","Sun Aug 31 13:00:14 NOVT 2025","","ru.iteco.fmhandroid.ui.tests.CreateNewsTest","ru.iteco.fmhandroid.ui.tests.CreateNewsTest","cancelButtonWhenFillingFields"
"","12161","navigatingToTheAboutAppPageFronTheControlPanelPage","","Sun Aug 31 12:57:18 NOVT 2025","passed","Sun Aug 31 12:57:30 NOVT 2025","","ru.iteco.fmhandroid.ui.tests.BurgerMenuTest","ru.iteco.fmhandroid.ui.tests.BurgerMenuTest","navigatingToTheAboutAppPageFronTheControlPanelPage"
"","13583","deleteNews","","Sun Aug 31 12:53:06 NOVT 2025","passed","Sun Aug 31 12:53:20 NOVT 2025","","ru.iteco.fmhandroid.ui.tests.ControlPanelTest","ru.iteco.fmhandroid.ui.tests.ControlPanelTest","deleteNews"
"","11670","navigatingToTheAboutAppPageFromTheQuotePage","","Sun Aug 31 12:58:39 NOVT 2025","passed","Sun Aug 31 12:58:51 NOVT 2025","","ru.iteco.fmhandroid.ui.tests.BurgerMenuTest","ru.iteco.fmhandroid.ui.tests.BurgerMenuTest","navigatingToTheAboutAppPageFromTheQuotePage"
"","7997","filteringNewsCategoryWithoutFillingInTheOtherField","","Sun Aug 31 13:02:33 NOVT 2025","passed","Sun Aug 31 13:02:41 NOVT 2025","","ru.iteco.fmhandroid.ui.tests.FilterNewsPageNewsTest","ru.iteco.fmhandroid.ui.tests.FilterNewsPageNewsTest","filteringNewsCategoryWithoutFillingInTheOtherField"
"","13142","datePublicationOfTheNewsBlock","","Sun Aug 31 12:51:12 NOVT 2025","passed","Sun Aug 31 12:51:25 NOVT 2025","","ru.iteco.fmhandroid.ui.tests.ControlPanelTest","ru.iteco.fmhandroid.ui.tests.ControlPanelTest","datePublicationOfTheNewsBlock"
"","12706","automaticCreationTitleWhenSelectingCategory","","Sun Aug 31 12:59:20 NOVT 2025","passed","Sun Aug 31 12:59:33 NOVT 2025","","ru.iteco.fmhandroid.ui.tests.CreateNewsTest","ru.iteco.fmhandroid.ui.tests.CreateNewsTest","automaticCreationTitleWhenSelectingCategory"
"","9384","cancelButtonWhenPartiallyField","","Sun Aug 31 12:59:51 NOVT 2025","passed","Sun Aug 31 13:00:01 NOVT 2025","","ru.iteco.fmhandroid.ui.tests.CreateNewsTest","ru.iteco.fmhandroid.ui.tests.CreateNewsTest","cancelButtonWhenPartiallyField"
"","10255","authorizationWithInvalidLoginAndValidPassword","","Sun Aug 31 12:56:21 NOVT 2025","broken","Sun Aug 31 12:56:31 NOVT 2025","","ru.iteco.fmhandroid.ui.tests.AuthorizationTest","ru.iteco.fmhandroid.ui.tests.AuthorizationTest","authorizationWithInvalidLoginAndValidPassword"
"","9691","cancelingEditingWhenMakingChangesFields","","Sun Aug 31 12:52:56 NOVT 2025","passed","Sun Aug 31 12:53:05 NOVT 2025","","ru.iteco.fmhandroid.ui.tests.ControlPanelTest","ru.iteco.fmhandroid.ui.tests.ControlPanelTest","cancelingEditingWhenMakingChangesFields"
"","6883","blockNewsExpandButton","","Sun Aug 31 13:04:21 NOVT 2025","passed","Sun Aug 31 13:04:28 NOVT 2025","","ru.iteco.fmhandroid.ui.tests.NewsPageTest","ru.iteco.fmhandroid.ui.tests.NewsPageTest","blockNewsExpandButton"
"","13510","creatingNewsStoryWithYourOwnHeadline","","Sun Aug 31 13:00:15 NOVT 2025","passed","Sun Aug 31 13:00:29 NOVT 2025","","ru.iteco.fmhandroid.ui.tests.CreateNewsTest","ru.iteco.fmhandroid.ui.tests.CreateNewsTest","creatingNewsStoryWithYourOwnHeadline"
"","10782","loggingInWithInvalidLoginAndPasswordByClickingSeverialTimesButton","","Sun Aug 31 12:55:50 NOVT 2025","broken","Sun Aug 31 12:56:01 NOVT 2025","","ru.iteco.fmhandroid.ui.tests.AuthorizationTest","ru.iteco.fmhandroid.ui.tests.AuthorizationTest","loggingInWithInvalidLoginAndPasswordByClickingSeverialTimesButton"
"","9765","navigatingToTheMainPageFromTheQuotePage","","Sun Aug 31 12:58:05 NOVT 2025","passed","Sun Aug 31 12:58:14 NOVT 2025","","ru.iteco.fmhandroid.ui.tests.BurgerMenuTest","ru.iteco.fmhandroid.ui.tests.BurgerMenuTest","navigatingToTheMainPageFromTheQuotePage"
"","7194","returnPreviousPageUsingTheBackButton","","Sun Aug 31 12:55:27 NOVT 2025","passed","Sun Aug 31 12:55:34 NOVT 2025","","ru.iteco.fmhandroid.ui.tests.AboutTheAppTest","ru.iteco.fmhandroid.ui.tests.AboutTheAppTest","returnPreviousPageUsingTheBackButton"
"","16174","editingTheNewsCategory","","Sun Aug 31 12:51:49 NOVT 2025","passed","Sun Aug 31 12:52:05 NOVT 2025","","ru.iteco.fmhandroid.ui.tests.ControlPanelTest","ru.iteco.fmhandroid.ui.tests.ControlPanelTest","editingTheNewsCategory"
"","13507","filteringNewsBuCategoryFilterWithLeftDate","","Sun Aug 31 13:03:02 NOVT 2025","passed","Sun Aug 31 13:03:15 NOVT 2025","","ru.iteco.fmhandroid.ui.tests.FilterNewsPageNewsTest","ru.iteco.fmhandroid.ui.tests.FilterNewsPageNewsTest","filteringNewsBuCategoryFilterWithLeftDate"
"","17271","unlimitedNumberCharactersDescriptionField","","Sun Aug 31 13:00:30 NOVT 2025","broken","Sun Aug 31 13:00:47 NOVT 2025","","ru.iteco.fmhandroid.ui.tests.CreateNewsTest","ru.iteco.fmhandroid.ui.tests.CreateNewsTest","unlimitedNumberCharactersDescriptionField"
"","12009","goToAboutAppPageFromTheNewsPage","","Sun Aug 31 12:58:16 NOVT 2025","broken","Sun Aug 31 12:58:28 NOVT 2025","","ru.iteco.fmhandroid.ui.tests.BurgerMenuTest","ru.iteco.fmhandroid.ui.tests.BurgerMenuTest","goToAboutAppPageFromTheNewsPage"
